account,browser_id,bit_port,note
Better-ai-usage-in-life,8b089162d0524a6ea4acb0f3b1fdeff5,54345,
xiaodao-ai-lab,ca471b5d29744e6cbfd9506f7f28751c,54345,
Coffee的AI日记,4abf6d1fa760421ebe84061350e01457,54345,
aiflow_notes,0d97ec9b7fa141e99e0231d907af8052,54345,
growth_ops_diary,92fae087d72d4792af0a84626fe47804,54345,
Hugging Future,e2ab40db521447a984f026c91c1522e7,54345,
Vibe coding master,b35a018e06c240deb233542eca682ee5,54345,
Hello world,9a780222bd4943fa89a11ef398f9fca5,54345,
AI 望远镜,0c045116ce514fab9bad0fd72944d75d,54345,
